<?xml version="1.0" encoding="utf-8" ?>
<templates id="template" xml:space="preserve">
  <t t-name="UserMenu.Actions">
    <a role="menuitem" href="#" data-menu="settings" class="dropdown-item">Preferences</a>
    <div role="separator" class="dropdown-divider"/>
    <a role="menuitem" href="#" data-menu="logout" class="dropdown-item">Log out</a>
  </t>

  <!--
    @param {web.AppsMenu} widget
-->
  <t t-name="AppsMenu">
    <li class="dropdown">
      <a class="full" data-toggle="dropdown" data-display="static" href="#">
        <i class="fa fa-th-large"/>
      </a>
      <div class="dropdown-menu mega-menu" role="menu">
        <div class="container-fluid">
          <div class="row px-0">
            <div t-attf-class="col px-0">
                <t t-foreach="widget.getApps()" t-as="app">
                  <a role="menuitem" t-attf-href="#menu_id=#{app.menuID}" class="dropdown-item o_app" t-att-data-menu-id="app.menuID" t-att-data-menu-xmlid="app.xmlID" t-att-data-action-id="app.actionID" style="line-height:32px;">
                    <t t-set="webIcon" t-value="app.webIcon ? app.webIcon : '/base/static/description/icon.png'"></t>

                    <img class="rounded-circle float-left mx-3" t-att-src="webIcon" style="width:32px;height:auto;"/>
                    <t t-esc="app.name"/>
                    <div class="clearfix"/>
                  </a>
                </t>
            </div>
          </div>
        </div>
      </div>
    </li>
  </t>
</templates>
