<?xml version="1.0" encoding="utf-8"?>
<odoo>
    <!-- Theme logo -->
    <record id="theme_common.image_content_logo" model="ir.attachment">
        <field name="public" eval="True"/>
        <field name="name">image_content_logo.png</field>
        <field name="datas_fname">image_content_logo.png</field>
        <field name="res_model">ir.ui.view</field>
        <field name="type">url</field>
    </record>
    <record id="theme_common.image_content_logo_small" model="ir.attachment">
        <field name="public" eval="True"/>
        <field name="name">image_content_logo_small.png</field>
        <field name="datas_fname">image_content_logo_small.png</field>
        <field name="res_model">ir.ui.view</field>
        <field name="type">url</field>
    </record>

    <!-- Image for img tags with variations -->
    <record id="theme_common.image_content_01" model="ir.attachment">
        <field name="public" eval="True"/>
        <field name="name">image_content_01.png</field>
        <field name="datas_fname">image_content_01.png</field>
        <field name="res_model">ir.ui.view</field>
        <field name="type">url</field>
    </record>
    <record id="theme_common.image_content_02" model="ir.attachment">
        <field name="public" eval="True"/>
        <field name="name">image_content_02.png</field>
        <field name="datas_fname">image_content_02.png</field>
        <field name="res_model">ir.ui.view</field>
        <field name="type">url</field>
    </record>
    <record id="theme_common.image_content_03" model="ir.attachment">
        <field name="public" eval="True"/>
        <field name="name">image_content_03.png</field>
        <field name="datas_fname">image_content_03.png</field>
        <field name="res_model">ir.ui.view</field>
        <field name="type">url</field>
    </record>
    <record id="theme_common.image_content_04" model="ir.attachment">
        <field name="public" eval="True"/>
        <field name="name">image_content_04.png</field>
        <field name="datas_fname">image_content_04.png</field>
        <field name="res_model">ir.ui.view</field>
        <field name="type">url</field>
    </record>
    <record id="theme_common.image_content_05" model="ir.attachment">
        <field name="public" eval="True"/>
        <field name="name">image_content_05.png</field>
        <field name="datas_fname">image_content_05.png</field>
        <field name="res_model">ir.ui.view</field>
        <field name="type">url</field>
    </record>
    <record id="theme_common.image_content_06" model="ir.attachment">
        <field name="public" eval="True"/>
        <field name="name">image_content_06.png</field>
        <field name="datas_fname">image_content_06.png</field>
        <field name="res_model">ir.ui.view</field>
        <field name="type">url</field>
    </record>
    <record id="theme_common.image_content_07" model="ir.attachment">
        <field name="public" eval="True"/>
        <field name="name">image_content_07.png</field>
        <field name="datas_fname">image_content_07.png</field>
        <field name="res_model">ir.ui.view</field>
        <field name="type">url</field>
    </record>
    <record id="theme_common.image_content_08" model="ir.attachment">
        <field name="public" eval="True"/>
        <field name="name">image_content_08.png</field>
        <field name="datas_fname">image_content_08.png</field>
        <field name="res_model">ir.ui.view</field>
        <field name="type">url</field>
    </record>
    <record id="theme_common.image_content_09" model="ir.attachment">
        <field name="public" eval="True"/>
        <field name="name">image_content_09.jpg</field>
        <field name="datas_fname">image_content_09.jpg</field>
        <field name="res_model">ir.ui.view</field>
        <field name="type">url</field>
    </record>
    <record id="theme_common.image_content_10" model="ir.attachment">
        <field name="public" eval="True"/>
        <field name="name">image_content_10.jpg</field>
        <field name="datas_fname">image_content_10.jpg</field>
        <field name="res_model">ir.ui.view</field>
        <field name="type">url</field>
    </record>
    <record id="theme_common.image_content_11" model="ir.attachment">
        <field name="public" eval="True"/>
        <field name="name">image_content_11.gif</field>
        <field name="datas_fname">image_content_11.gif</field>
        <field name="res_model">ir.ui.view</field>
        <field name="type">url</field>
    </record>
    <record id="theme_common.image_content_12" model="ir.attachment">
        <field name="public" eval="True"/>
        <field name="name">image_content_12.jpg</field>
        <field name="datas_fname">image_content_12.jpg</field>
        <field name="res_model">ir.ui.view</field>
        <field name="type">url</field>
    </record>
    <record id="theme_common.image_content_13" model="ir.attachment">
        <field name="public" eval="True"/>
        <field name="name">image_content_13.jpg</field>
        <field name="datas_fname">image_content_13.jpg</field>
        <field name="res_model">ir.ui.view</field>
        <field name="type">url</field>
    </record>
    <record id="theme_common.image_content_14" model="ir.attachment">
        <field name="public" eval="True"/>
        <field name="name">image_content_14.png</field>
        <field name="datas_fname">image_content_14.png</field>
        <field name="res_model">ir.ui.view</field>
        <field name="type">url</field>
    </record>
    <record id="theme_common.image_content_15" model="ir.attachment">
        <field name="public" eval="True"/>
        <field name="name">image_content_15.png</field>
        <field name="datas_fname">image_content_15.png</field>
        <field name="res_model">ir.ui.view</field>
        <field name="type">url</field>
    </record>
    <record id="theme_common.image_content_16" model="ir.attachment">
        <field name="public" eval="True"/>
        <field name="name">image_content_16.png</field>
        <field name="datas_fname">image_content_16.png</field>
        <field name="res_model">ir.ui.view</field>
        <field name="type">url</field>
    </record>
    <record id="theme_common.image_content_17" model="ir.attachment">
        <field name="public" eval="True"/>
        <field name="name">image_content_17.png</field>
        <field name="datas_fname">image_content_17.png</field>
        <field name="res_model">ir.ui.view</field>
        <field name="type">url</field>
    </record>
    <record id="theme_common.image_content_18" model="ir.attachment">
        <field name="public" eval="True"/>
        <field name="name">image_content_18.png</field>
        <field name="datas_fname">image_content_18.png</field>
        <field name="res_model">ir.ui.view</field>
        <field name="type">url</field>
    </record>
    <record id="theme_common.image_content_19" model="ir.attachment">
        <field name="public" eval="True"/>
        <field name="name">image_content_19.gif</field>
        <field name="datas_fname">image_content_19.gif</field>
        <field name="res_model">ir.ui.view</field>
        <field name="type">url</field>
    </record>
    <record id="theme_common.image_content_20" model="ir.attachment">
        <field name="public" eval="True"/>
        <field name="name">image_content_20.gif</field>
        <field name="datas_fname">image_content_20.gif</field>
        <field name="res_model">ir.ui.view</field>
        <field name="type">url</field>
    </record>
    <record id="theme_common.image_content_21" model="ir.attachment">
        <field name="public" eval="True"/>
        <field name="name">image_content_21.gif</field>
        <field name="datas_fname">image_content_21.gif</field>
        <field name="res_model">ir.ui.view</field>
        <field name="type">url</field>
    </record>
    <record id="theme_common.image_content_22" model="ir.attachment">
        <field name="public" eval="True"/>
        <field name="name">image_content_22.gif</field>
        <field name="datas_fname">image_content_22.gif</field>
        <field name="res_model">ir.ui.view</field>
        <field name="type">url</field>
    </record>
    <record id="theme_common.image_content_23" model="ir.attachment">
        <field name="public" eval="True"/>
        <field name="name">image_content_23.gif</field>
        <field name="datas_fname">image_content_23.gif</field>
        <field name="res_model">ir.ui.view</field>
        <field name="type">url</field>
    </record>
    <record id="theme_common.image_content_24" model="ir.attachment">
        <field name="public" eval="True"/>
        <field name="name">image_content_24.gif</field>
        <field name="datas_fname">image_content_24.gif</field>
        <field name="res_model">ir.ui.view</field>
        <field name="type">url</field>
    </record>
    <record id="theme_common.image_content_25" model="ir.attachment">
        <field name="public" eval="True"/>
        <field name="name">image_content_25.gif</field>
        <field name="datas_fname">image_content_25.gif</field>
        <field name="res_model">ir.ui.view</field>
        <field name="type">url</field>
    </record>
    <record id="theme_common.image_content_26" model="ir.attachment">
        <field name="public" eval="True"/>
        <field name="name">image_content_26.gif</field>
        <field name="datas_fname">image_content_26.gif</field>
        <field name="res_model">ir.ui.view</field>
        <field name="type">url</field>
    </record>

    <!-- PRODUCTS-->
    <record id="theme_common.image_product_01" model="ir.attachment">
        <field name="public" eval="True"/>
        <field name="name">image_product_01.png</field>
        <field name="datas_fname">image_product_01.png</field>
        <field name="res_model">ir.ui.view</field>
        <field name="type">url</field>
    </record>
    <record id="theme_common.image_product_02" model="ir.attachment">
        <field name="public" eval="True"/>
        <field name="name">image_product_02.png</field>
        <field name="datas_fname">image_product_02.png</field>
        <field name="res_model">ir.ui.view</field>
        <field name="type">url</field>
    </record>
    <record id="theme_common.image_product_03" model="ir.attachment">
        <field name="public" eval="True"/>
        <field name="name">image_product_03.png</field>
        <field name="datas_fname">image_product_03.png</field>
        <field name="res_model">ir.ui.view</field>
        <field name="type">url</field>
    </record>
    <record id="theme_common.image_product_04" model="ir.attachment">
        <field name="public" eval="True"/>
        <field name="name">image_product_04.png</field>
        <field name="datas_fname">image_product_04.png</field>
        <field name="res_model">ir.ui.view</field>
        <field name="type">url</field>
    </record>
    <record id="theme_common.image_product_05" model="ir.attachment">
        <field name="public" eval="True"/>
        <field name="name">image_product_05.png</field>
        <field name="datas_fname">image_product_05.png</field>
        <field name="res_model">ir.ui.view</field>
        <field name="type">url</field>
    </record>
    <record id="theme_common.image_product_06" model="ir.attachment">
        <field name="public" eval="True"/>
        <field name="name">image_product_06.png</field>
        <field name="datas_fname">image_product_06.png</field>
        <field name="res_model">ir.ui.view</field>
        <field name="type">url</field>
    </record>
    <record id="theme_common.image_product_07" model="ir.attachment">
        <field name="public" eval="True"/>
        <field name="name">image_product_07.png</field>
        <field name="datas_fname">image_product_07.png</field>
        <field name="res_model">ir.ui.view</field>
        <field name="type">url</field>
    </record>
    <record id="theme_common.image_product_08" model="ir.attachment">
        <field name="public" eval="True"/>
        <field name="name">image_product_08.png</field>
        <field name="datas_fname">image_product_08.png</field>
        <field name="res_model">ir.ui.view</field>
        <field name="type">url</field>
    </record>
    <record id="theme_common.image_product_09" model="ir.attachment">
        <field name="public" eval="True"/>
        <field name="name">image_product_09.png</field>
        <field name="datas_fname">image_product_09.png</field>
        <field name="res_model">ir.ui.view</field>
        <field name="type">url</field>
    </record>
    <record id="theme_common.image_product_10" model="ir.attachment">
        <field name="public" eval="True"/>
        <field name="name">image_product_10.png</field>
        <field name="datas_fname">image_product_10.png</field>
        <field name="res_model">ir.ui.view</field>
        <field name="type">url</field>
    </record>
    <record id="theme_common.image_product_11" model="ir.attachment">
        <field name="public" eval="True"/>
        <field name="name">image_product_11.png</field>
        <field name="datas_fname">image_product_11.png</field>
        <field name="res_model">ir.ui.view</field>
        <field name="type">url</field>
    </record>
</odoo>
